{
  "id": "myrpg",
  "title": "My",
  "description": "The My system for FoundryVTT",
  "authors": [
    {
      "name": "Matvei",
      "discord": "sushko_matvei"
    }
  ],
  "url": "https://github.com/GM-Liquid/myrpg",
  "media": [
    {
      "type": "setup",
      "url": "systems/myrpg/assets/anvil-impact.png",
      "thumbnail": "systems/myrpg/assets/anvil-impact.png"
    }
  ],
  "version": "2.154",
  "compatibility": {
    "minimum": "12",
    "verified": "12"
  },
  "esmodules": [ "module/myrpg.mjs" ],
  "styles": [ "css/myrpg.css" ],
  "languages": [
    {
      "lang": "ru",
      "name": "Русский",
      "path": "lang/ru.json"
    },
    {
      "lang": "en",
      "name": "English",
      "path": "lang/en.json"
    }

  ],
  "packs": [],
  "packFolders": [],
  "socket": false,
  "manifest": "https://github.com/GM-Liquid/myrpg/releases/latest/download/system.json",
  "download": "https://github.com/GM-Liquid/myrpg/releases/latest/download/myrpg.zip",
  "background": "systems/myrpg/assets/anvil-impact.png",
  "grid": {
    "distance": 2,
    "units": "м"
  },
  "primaryTokenAttribute": "ОЗ",
  "secondaryTokenAttribute": "КД"
}
