{
  "Actor": {
    "types": ["character", "npc"],
    "templates": {
      "base": {
        "calling": "",
        "gender": "",
        "age": "",
        "currentRank": "",
        "abilities": {
          "will": {
            "value": 10,
            "min": 1,
            "max": 20
          },
          "dex": {
            "value": 10,
            "min": 1,
            "max": 20
          },
          "con": {
            "value": 10,
            "min": 1,
            "max": 20
          },
          "int": {
            "value": 10,
            "min": 1,
            "max": 20
          },
          "cond": {
            "value": 10,
            "min": 1,
            "max": 20
          }
        },
        "abilitiesList": [
          {
            "name": "",
            "desc": "",
            "rank": "",
            "effect": "",
            "cost": ""
          },
          {
            "name": "",
            "desc": "",
            "rank": "",
            "effect": "",
            "cost": ""
          },
          {
            "name": "",
            "desc": "",
            "rank": "",
            "effect": "",
            "cost": ""
          }
        ],
        "inventoryList": [],
        "health": {
          "value": 10,
          "damage": 0,
          "max": 10
        },
        "flux": {
          "value": 0
        },
        "armor": {
          "result": 0,
          "itemDesc": "",
          "itemAC": 0,
          "itemSteadfast": 0
        },
        "tension": {
          "value": 0
        },
        "steadfast": {
          "result": 0
        },
        "speed": {
          "value": 10
        },
        "temphealth": 0,
        "tempflux": 0,
        "temparmor": 0,
        "tempsteadfast": 0,
        "tempspeed": 0,
        "biography": "",
        "skills": {
          "stoikost": {
            "value": 0,
            "ability": "will"
          },
          "blef": {
            "value": 0,
            "ability": "will"
          },
          "obshchenie": {
            "value": 0,
            "ability": "will"
          },
          "zapugivanie": {
            "value": 0,
            "ability": "will"
          },
          "torgovlya": {
            "value": 0,
            "ability": "will"
          },
          "diplomatiya": {
            "value": 0,
            "ability": "will"
          },
          "akrobatika": {
            "value": 0,
            "ability": "dex"
          },
          "skrytost": {
            "value": 0,
            "ability": "dex"
          },
          "vladeniye_takt_dalnim": {
            "value": 0,
            "ability": "dex"
          },
          "upravlenie_transportom": {
            "value": 0,
            "ability": "dex"
          },
          "lovkost_ruk": {
            "value": 0,
            "ability": "dex"
          },
          "blizhniy_boy": {
            "value": 0,
            "ability": "dex"
          },
          "vladeniye_tyazhelym_dalnim": {
            "value": 0,
            "ability": "dex"
          },
          "atletika": {
            "value": 0,
            "ability": "con"
          },
          "vynoslivost": {
            "value": 0,
            "ability": "con"
          },
          "analiz": {
            "value": 0,
            "ability": "int"
          },
          "tekhnika": {
            "value": 0,
            "ability": "int"
          },
          "priroda": {
            "value": 0,
            "ability": "int"
          },
          "kultura": {
            "value": 0,
            "ability": "int"
          },
          "vnimanie": {
            "value": 0,
            "ability": "int"
          },
          "meditsina": {
            "value": 0,
            "ability": "int"
          },
          "oruzheynoe_delo": {
            "value": 0,
            "ability": "int"
          },
          "hladnokrovie": {
            "value": 0,
            "ability": "int"
          },
          "runnoy_iskusstvo": {
            "value": 0,
            "ability": "cond"
          },
          "kinetica": {
            "value": 0,
            "ability": "cond"
          },
          "stitiyannost": {
            "value": 0,
            "ability": "cond"
          },
          "biomantia": {
            "value": 0,
            "ability": "cond"
          },
          "psionika": {
            "value": 0,
            "ability": "cond"
          },
          "predvidenie": {
            "value": 0,
            "ability": "cond"
          }
        }
      }
    },
    "character": {
      "templates": ["base"],
      "biography": {
        "weight": "",
        "height": "",
        "eyeColor": "",
        "hairColor": "",
        "appearance": "",
        "notes": ""
      },
      "attributes": {}
    },
    "npc": {
      "templates": ["base"],
      "attributes": {}
    }
  }
}